pokemon_id,image_url
1-bulbasaur,https://images.gameinfo.io/pokemon/256/p1f87.png
2-ivysaur,https://images.gameinfo.io/pokemon/256/p2f90.png
3-venusaur,https://images.gameinfo.io/pokemon/256/p3f93.png
4-charmander,https://images.gameinfo.io/pokemon/256/p4f96.png
5-charmeleon,https://images.gameinfo.io/pokemon/256/p5f205.png
6-charizard,https://images.gameinfo.io/pokemon/256/p6f102.png
7-squirtle,https://images.gameinfo.io/pokemon/256/p7f105.png
8-wartortle,https://images.gameinfo.io/pokemon/256/p8f108.png
9-blastoise,https://images.gameinfo.io/pokemon/256/p9f111.png
10-caterpie,https://images.gameinfo.io/pokemon/256/p10.png
11-metapod,https://images.gameinfo.io/pokemon/256/p11.png
12-butterfree,https://images.gameinfo.io/pokemon/256/p12.png
13-weedle,https://images.gameinfo.io/pokemon/256/p13f304.png
14-kakuna,https://images.gameinfo.io/pokemon/256/p14f305.png
15-beedrill,https://images.gameinfo.io/pokemon/256/p15f306.png
16-pidgey,https://images.gameinfo.io/pokemon/256/p16.png
17-pidgeotto,https://images.gameinfo.io/pokemon/256/p17.png
18-pidgeot,https://images.gameinfo.io/pokemon/256/p18.png
19-rattata,https://images.gameinfo.io/pokemon/256/p19f12.png
20-raticate,https://images.gameinfo.io/pokemon/256/p20f14.png
21-spearow,https://images.gameinfo.io/pokemon/256/p21.png
22-fearow,https://images.gameinfo.io/pokemon/256/p22.png
23-ekans,https://images.gameinfo.io/pokemon/256/p23f307.png
24-arbok,https://images.gameinfo.io/pokemon/256/p24f308.png
172-pichu,https://images.gameinfo.io/pokemon/256/p172.png
25-pikachu,https://images.gameinfo.io/pokemon/256/p25f310.png
26-raichu,https://images.gameinfo.io/pokemon/256/p26f16.png
27-sandshrew,https://images.gameinfo.io/pokemon/256/p27f18.png
28-sandslash,https://images.gameinfo.io/pokemon/256/p28f20.png
29-nidoran,https://images.gameinfo.io/pokemon/256/p29f420.png
30-nidorina,https://images.gameinfo.io/pokemon/256/p30f421.png
31-nidoqueen,https://images.gameinfo.io/pokemon/256/p31f422.png
32-nidoran,https://images.gameinfo.io/pokemon/256/p32f423.png
33-nidorino,https://images.gameinfo.io/pokemon/256/p33f424.png
34-nidoking,https://images.gameinfo.io/pokemon/256/p34f425.png
173-cleffa,https://images.gameinfo.io/pokemon/256/p173.png
35-clefairy,https://images.gameinfo.io/pokemon/256/p35.png
36-clefable,https://images.gameinfo.io/pokemon/256/p36.png
37-vulpix,https://images.gameinfo.io/pokemon/256/p37f22.png
38-ninetales,https://images.gameinfo.io/pokemon/256/p38f24.png
174-igglybuff,https://images.gameinfo.io/pokemon/256/p174.png
39-jigglypuff,https://images.gameinfo.io/pokemon/256/p39.png
40-wigglytuff,https://images.gameinfo.io/pokemon/256/p40.png
41-zubat,https://images.gameinfo.io/pokemon/256/p41f118.png
42-golbat,https://images.gameinfo.io/pokemon/256/p42f121.png
169-crobat,https://images.gameinfo.io/pokemon/256/p169f169.png
43-oddish,https://images.gameinfo.io/pokemon/256/p43f208.png
44-gloom,https://images.gameinfo.io/pokemon/256/p44f211.png
45-vileplume,https://images.gameinfo.io/pokemon/256/p45f214.png
182-bellossom,https://images.gameinfo.io/pokemon/256/p182f250.png
46-paras,https://images.gameinfo.io/pokemon/256/p46.png
47-parasect,https://images.gameinfo.io/pokemon/256/p47.png
48-venonat,https://images.gameinfo.io/pokemon/256/p48f217.png
49-venomoth,https://images.gameinfo.io/pokemon/256/p49f220.png
50-diglett,https://images.gameinfo.io/pokemon/256/p50f26.png
51-dugtrio,https://images.gameinfo.io/pokemon/256/p51f28.png
52-meowth,https://images.gameinfo.io/pokemon/256/p52f30.png
53-persian,https://images.gameinfo.io/pokemon/256/p53f32.png
54-psyduck,https://images.gameinfo.io/pokemon/256/p54f223.png
55-golduck,https://images.gameinfo.io/pokemon/256/p55f226.png
56-mankey,https://images.gameinfo.io/pokemon/256/p56.png
57-primeape,https://images.gameinfo.io/pokemon/256/p57.png
58-growlithe,https://images.gameinfo.io/pokemon/256/p58f229.png
59-arcanine,https://images.gameinfo.io/pokemon/256/p59f232.png
60-poliwag,https://images.gameinfo.io/pokemon/256/p60f124.png
61-poliwhirl,https://images.gameinfo.io/pokemon/256/p61f127.png
62-poliwrath,https://images.gameinfo.io/pokemon/256/p62f130.png
186-politoed,https://images.gameinfo.io/pokemon/256/p186f172.png
63-abra,https://images.gameinfo.io/pokemon/256/p63f235.png
64-kadabra,https://images.gameinfo.io/pokemon/256/p64f238.png
65-alakazam,https://images.gameinfo.io/pokemon/256/p65f241.png
66-machop,https://images.gameinfo.io/pokemon/256/p66f426.png
67-machoke,https://images.gameinfo.io/pokemon/256/p67f427.png
68-machamp,https://images.gameinfo.io/pokemon/256/p68f428.png
69-bellsprout,https://images.gameinfo.io/pokemon/256/p69f311.png
70-weepinbell,https://images.gameinfo.io/pokemon/256/p70f312.png
71-victreebel,https://images.gameinfo.io/pokemon/256/p71f313.png
72-tentacool,https://images.gameinfo.io/pokemon/256/p72.png
73-tentacruel,https://images.gameinfo.io/pokemon/256/p73.png
74-geodude,https://images.gameinfo.io/pokemon/256/p74f34.png
75-graveler,https://images.gameinfo.io/pokemon/256/p75f36.png
76-golem,https://images.gameinfo.io/pokemon/256/p76f38.png
77-ponyta,https://images.gameinfo.io/pokemon/256/p77f444.png
78-rapidash,https://images.gameinfo.io/pokemon/256/p78f446.png
79-slowpoke,https://images.gameinfo.io/pokemon/256/p79f447.png
80-slowbro,https://images.gameinfo.io/pokemon/256/p80f448.png
199-slowking,https://images.gameinfo.io/pokemon/256/p199f456.png
81-magnemite,https://images.gameinfo.io/pokemon/256/p81f314.png
82-magneton,https://images.gameinfo.io/pokemon/256/p82f315.png
462-magnezone,https://images.gameinfo.io/pokemon/256/p462f377.png
83-farfetchd,https://images.gameinfo.io/pokemon/256/p83f409.png
84-doduo,https://images.gameinfo.io/pokemon/256/p84.png
85-dodrio,https://images.gameinfo.io/pokemon/256/p85.png
86-seel,https://images.gameinfo.io/pokemon/256/p86.png
87-dewgong,https://images.gameinfo.io/pokemon/256/p87.png
88-grimer,https://images.gameinfo.io/pokemon/256/p88f40.png
89-muk,https://images.gameinfo.io/pokemon/256/p89f42.png
90-shellder,https://images.gameinfo.io/pokemon/256/p90f316.png
91-cloyster,https://images.gameinfo.io/pokemon/256/p91f317.png
92-gastly,https://images.gameinfo.io/pokemon/256/p92.png
93-haunter,https://images.gameinfo.io/pokemon/256/p93.png
94-gengar,https://images.gameinfo.io/pokemon/256/p94f466.png
95-onix,https://images.gameinfo.io/pokemon/256/p95f318.png
208-steelix,https://images.gameinfo.io/pokemon/256/p208f339.png
96-drowzee,https://images.gameinfo.io/pokemon/256/p96f137.png
97-hypno,https://images.gameinfo.io/pokemon/256/p97f140.png
98-krabby,https://images.gameinfo.io/pokemon/256/p98f319.png
99-kingler,https://images.gameinfo.io/pokemon/256/p99f320.png
100-voltorb,https://images.gameinfo.io/pokemon/256/p100f587.png
101-electrode,https://images.gameinfo.io/pokemon/256/p101f588.png
102-exeggcute,https://images.gameinfo.io/pokemon/256/p102f388.png
103-exeggutor,https://images.gameinfo.io/pokemon/256/p103f10.png
104-cubone,https://images.gameinfo.io/pokemon/256/p104f143.png
105-marowak,https://images.gameinfo.io/pokemon/256/p105f44.png
236-tyrogue,https://images.gameinfo.io/pokemon/256/p236.png
106-hitmonlee,https://images.gameinfo.io/pokemon/256/p106f321.png
107-hitmonchan,https://images.gameinfo.io/pokemon/256/p107f244.png
237-hitmontop,https://images.gameinfo.io/pokemon/256/p237.png
108-lickitung,https://images.gameinfo.io/pokemon/256/p108.png
463-lickilicky,https://images.gameinfo.io/pokemon/256/p463.png
109-koffing,https://images.gameinfo.io/pokemon/256/p109f322.png
110-weezing,https://images.gameinfo.io/pokemon/256/p110f324.png
111-rhyhorn,https://images.gameinfo.io/pokemon/256/p111f325.png
112-rhydon,https://images.gameinfo.io/pokemon/256/p112f326.png
464-rhyperior,https://images.gameinfo.io/pokemon/256/p464f378.png
440-happiny,https://images.gameinfo.io/pokemon/256/p440.png
113-chansey,https://images.gameinfo.io/pokemon/256/p113.png
242-blissey,https://images.gameinfo.io/pokemon/256/p242.png
114-tangela,https://images.gameinfo.io/pokemon/256/p114f505.png
465-tangrowth,https://images.gameinfo.io/pokemon/256/p465f527.png
115-kangaskhan,https://images.gameinfo.io/pokemon/256/p115f327.png
116-horsea,https://images.gameinfo.io/pokemon/256/p116f506.png
117-seadra,https://images.gameinfo.io/pokemon/256/p117f507.png
230-kingdra,https://images.gameinfo.io/pokemon/256/p230f510.png
118-goldeen,https://images.gameinfo.io/pokemon/256/p118.png
119-seaking,https://images.gameinfo.io/pokemon/256/p119.png
120-staryu,https://images.gameinfo.io/pokemon/256/p120.png
121-starmie,https://images.gameinfo.io/pokemon/256/p121.png
439-mime-jr,https://images.gameinfo.io/pokemon/256/p439.png
122-mr-mime,https://images.gameinfo.io/pokemon/256/p122f478.png
123-scyther,https://images.gameinfo.io/pokemon/256/p123f148.png
212-scizor,https://images.gameinfo.io/pokemon/256/p212f175.png
238-smoochum,https://images.gameinfo.io/pokemon/256/p238.png
124-jynx,https://images.gameinfo.io/pokemon/256/p124.png
239-elekid,https://images.gameinfo.io/pokemon/256/p239.png
125-electabuzz,https://images.gameinfo.io/pokemon/256/p125f328.png
466-electivire,https://images.gameinfo.io/pokemon/256/p466f379.png
240-magby,https://images.gameinfo.io/pokemon/256/p240.png
126-magmar,https://images.gameinfo.io/pokemon/256/p126f329.png
467-magmortar,https://images.gameinfo.io/pokemon/256/p467f380.png
127-pinsir,https://images.gameinfo.io/pokemon/256/p127f389.png
128-tauros,https://images.gameinfo.io/pokemon/256/p128.png
129-magikarp,https://images.gameinfo.io/pokemon/256/p129f151.png
130-gyarados,https://images.gameinfo.io/pokemon/256/p130f154.png
131-lapras,https://images.gameinfo.io/pokemon/256/p131f247.png
132-ditto,https://images.gameinfo.io/pokemon/256/p132.png
133-eevee,https://images.gameinfo.io/pokemon/256/p133.png
134-vaporeon,https://images.gameinfo.io/pokemon/256/p134.png
135-jolteon,https://images.gameinfo.io/pokemon/256/p135.png
136-flareon,https://images.gameinfo.io/pokemon/256/p136.png
196-espeon,https://images.gameinfo.io/pokemon/256/p196.png
197-umbreon,https://images.gameinfo.io/pokemon/256/p197.png
470-leafeon,https://images.gameinfo.io/pokemon/256/p470.png
471-glaceon,https://images.gameinfo.io/pokemon/256/p471.png
700-sylveon,https://images.gameinfo.io/pokemon/256/p700.png
137-porygon,https://images.gameinfo.io/pokemon/256/p137f330.png
233-porygon2,https://images.gameinfo.io/pokemon/256/p233f342.png
474-porygon-z,https://images.gameinfo.io/pokemon/256/p474f381.png
138-omanyte,https://images.gameinfo.io/pokemon/256/p138f390.png
139-omastar,https://images.gameinfo.io/pokemon/256/p139f391.png
140-kabuto,https://images.gameinfo.io/pokemon/256/p140f449.png
141-kabutops,https://images.gameinfo.io/pokemon/256/p141f450.png
142-aerodactyl,https://images.gameinfo.io/pokemon/256/p142f451.png
446-munchlax,https://images.gameinfo.io/pokemon/256/p446.png
143-snorlax,https://images.gameinfo.io/pokemon/256/p143f157.png
144-articuno,https://images.gameinfo.io/pokemon/256/p144f331.png
145-zapdos,https://images.gameinfo.io/pokemon/256/p145f332.png
146-moltres,https://images.gameinfo.io/pokemon/256/p146f333.png
147-dratini,https://images.gameinfo.io/pokemon/256/p147f160.png
148-dragonair,https://images.gameinfo.io/pokemon/256/p148f163.png
149-dragonite,https://images.gameinfo.io/pokemon/256/p149f166.png
150-mewtwo,https://images.gameinfo.io/pokemon/256/p150f86.png
151-mew,https://images.gameinfo.io/pokemon/256/p151.png
152-chikorita,https://images.gameinfo.io/pokemon/256/p152f589.png
153-bayleef,https://images.gameinfo.io/pokemon/256/p153f590.png
154-meganium,https://images.gameinfo.io/pokemon/256/p154f591.png
155-cyndaquil,https://images.gameinfo.io/pokemon/256/p155f592.png
156-quilava,https://images.gameinfo.io/pokemon/256/p156f593.png
157-typhlosion,https://images.gameinfo.io/pokemon/256/p157f594.png
158-totodile,https://images.gameinfo.io/pokemon/256/p158f595.png
159-croconaw,https://images.gameinfo.io/pokemon/256/p159f596.png
160-feraligatr,https://images.gameinfo.io/pokemon/256/p160f597.png
161-sentret,https://images.gameinfo.io/pokemon/256/p161.png
162-furret,https://images.gameinfo.io/pokemon/256/p162.png
163-hoothoot,https://images.gameinfo.io/pokemon/256/p163.png
164-noctowl,https://images.gameinfo.io/pokemon/256/p164.png
165-ledyba,https://images.gameinfo.io/pokemon/256/p165.png
166-ledian,https://images.gameinfo.io/pokemon/256/p166.png
167-spinarak,https://images.gameinfo.io/pokemon/256/p167.png
168-ariados,https://images.gameinfo.io/pokemon/256/p168.png
170-chinchou,https://images.gameinfo.io/pokemon/256/p170.png
171-lanturn,https://images.gameinfo.io/pokemon/256/p171.png
175-togepi,https://images.gameinfo.io/pokemon/256/p175.png
176-togetic,https://images.gameinfo.io/pokemon/256/p176.png
468-togekiss,https://images.gameinfo.io/pokemon/256/p468.png
177-natu,https://images.gameinfo.io/pokemon/256/p177.png
178-xatu,https://images.gameinfo.io/pokemon/256/p178.png
179-mareep,https://images.gameinfo.io/pokemon/256/p179f334.png
180-flaaffy,https://images.gameinfo.io/pokemon/256/p180f335.png
181-ampharos,https://images.gameinfo.io/pokemon/256/p181f336.png
298-azurill,https://images.gameinfo.io/pokemon/256/p298.png
183-marill,https://images.gameinfo.io/pokemon/256/p183.png
184-azumarill,https://images.gameinfo.io/pokemon/256/p184.png
438-bonsly,https://images.gameinfo.io/pokemon/256/p438.png
185-sudowoodo,https://images.gameinfo.io/pokemon/256/p185.png
187-hoppip,https://images.gameinfo.io/pokemon/256/p187f452.png
188-skiploom,https://images.gameinfo.io/pokemon/256/p188f453.png
189-jumpluff,https://images.gameinfo.io/pokemon/256/p189f454.png
190-aipom,https://images.gameinfo.io/pokemon/256/p190f455.png
424-ambipom,https://images.gameinfo.io/pokemon/256/p424f460.png
191-sunkern,https://images.gameinfo.io/pokemon/256/p191.png
192-sunflora,https://images.gameinfo.io/pokemon/256/p192.png
193-yanma,https://images.gameinfo.io/pokemon/256/p193.png
469-yanmega,https://images.gameinfo.io/pokemon/256/p469.png
194-wooper,https://images.gameinfo.io/pokemon/256/p194f479.png
195-quagsire,https://images.gameinfo.io/pokemon/256/p195f480.png
198-murkrow,https://images.gameinfo.io/pokemon/256/p198f337.png
430-honchkrow,https://images.gameinfo.io/pokemon/256/p430f368.png
200-misdreavus,https://images.gameinfo.io/pokemon/256/p200f392.png
429-mismagius,https://images.gameinfo.io/pokemon/256/p429f402.png
201-unown,https://images.gameinfo.io/pokemon/256/p201.png
360-wynaut,https://images.gameinfo.io/pokemon/256/p360.png
202-wobbuffet,https://images.gameinfo.io/pokemon/256/p202f338.png
203-girafarig,https://images.gameinfo.io/pokemon/256/p203.png
204-pineco,https://images.gameinfo.io/pokemon/256/p204f429.png
205-forretress,https://images.gameinfo.io/pokemon/256/p205f430.png
206-dunsparce,https://images.gameinfo.io/pokemon/256/p206.png
207-gligar,https://images.gameinfo.io/pokemon/256/p207f431.png
472-gliscor,https://images.gameinfo.io/pokemon/256/p472f435.png
209-snubbull,https://images.gameinfo.io/pokemon/256/p209f508.png
210-granbull,https://images.gameinfo.io/pokemon/256/p210f509.png
211-qwilfish,https://images.gameinfo.io/pokemon/256/p211f671.png
213-shuckle,https://images.gameinfo.io/pokemon/256/p213f432.png
214-heracross,https://images.gameinfo.io/pokemon/256/p214.png
215-sneasel,https://images.gameinfo.io/pokemon/256/p215f340.png
461-weavile,https://images.gameinfo.io/pokemon/256/p461f376.png
216-teddiursa,https://images.gameinfo.io/pokemon/256/p216f457.png
217-ursaring,https://images.gameinfo.io/pokemon/256/p217f458.png
901-ursaluna,https://images.gameinfo.io/pokemon/256/p901.png
218-slugma,https://images.gameinfo.io/pokemon/256/p218.png
219-magcargo,https://images.gameinfo.io/pokemon/256/p219.png
220-swinub,https://images.gameinfo.io/pokemon/256/p220f487.png
221-piloswine,https://images.gameinfo.io/pokemon/256/p221f488.png
473-mamoswine,https://images.gameinfo.io/pokemon/256/p473f500.png
222-corsola,https://images.gameinfo.io/pokemon/256/p222.png
223-remoraid,https://images.gameinfo.io/pokemon/256/p223.png
224-octillery,https://images.gameinfo.io/pokemon/256/p224.png
225-delibird,https://images.gameinfo.io/pokemon/256/p225f341.png
458-mantyke,https://images.gameinfo.io/pokemon/256/p458.png
226-mantine,https://images.gameinfo.io/pokemon/256/p226.png
227-skarmory,https://images.gameinfo.io/pokemon/256/p227f459.png
228-houndour,https://images.gameinfo.io/pokemon/256/p228f178.png
229-houndoom,https://images.gameinfo.io/pokemon/256/p229f181.png
231-phanpy,https://images.gameinfo.io/pokemon/256/p231.png
232-donphan,https://images.gameinfo.io/pokemon/256/p232.png
234-stantler,https://images.gameinfo.io/pokemon/256/p234f343.png
235-smeargle,https://images.gameinfo.io/pokemon/256/p235.png
241-miltank,https://images.gameinfo.io/pokemon/256/p241.png
243-raikou,https://images.gameinfo.io/pokemon/256/p243f393.png
244-entei,https://images.gameinfo.io/pokemon/256/p244f394.png
245-suicune,https://images.gameinfo.io/pokemon/256/p245f395.png
246-larvitar,https://images.gameinfo.io/pokemon/256/p246f253.png
247-pupitar,https://images.gameinfo.io/pokemon/256/p247f256.png
248-tyranitar,https://images.gameinfo.io/pokemon/256/p248f259.png
249-lugia,https://images.gameinfo.io/pokemon/256/p249f583.png
250-ho-oh,https://images.gameinfo.io/pokemon/256/p250f546.png
251-celebi,https://images.gameinfo.io/pokemon/256/p251.png
252-treecko,https://images.gameinfo.io/pokemon/256/p252.png
253-grovyle,https://images.gameinfo.io/pokemon/256/p253.png
254-sceptile,https://images.gameinfo.io/pokemon/256/p254.png
255-torchic,https://images.gameinfo.io/pokemon/256/p255f511.png
256-combusken,https://images.gameinfo.io/pokemon/256/p256f512.png
257-blaziken,https://images.gameinfo.io/pokemon/256/p257f513.png
258-mudkip,https://images.gameinfo.io/pokemon/256/p258f184.png
259-marshtomp,https://images.gameinfo.io/pokemon/256/p259f187.png
260-swampert,https://images.gameinfo.io/pokemon/256/p260f190.png
261-poochyena,https://images.gameinfo.io/pokemon/256/p261f514.png
262-mightyena,https://images.gameinfo.io/pokemon/256/p262f515.png
263-zigzagoon,https://images.gameinfo.io/pokemon/256/p263f345.png
264-linoone,https://images.gameinfo.io/pokemon/256/p264f347.png
265-wurmple,https://images.gameinfo.io/pokemon/256/p265.png
266-silcoon,https://images.gameinfo.io/pokemon/256/p266.png
268-cascoon,https://images.gameinfo.io/pokemon/256/p268.png
267-beautifly,https://images.gameinfo.io/pokemon/256/p267.png
269-dustox,https://images.gameinfo.io/pokemon/256/p269.png
270-lotad,https://images.gameinfo.io/pokemon/256/p270.png
271-lombre,https://images.gameinfo.io/pokemon/256/p271.png
272-ludicolo,https://images.gameinfo.io/pokemon/256/p272.png
273-seedot,https://images.gameinfo.io/pokemon/256/p273f348.png
274-nuzleaf,https://images.gameinfo.io/pokemon/256/p274f349.png
275-shiftry,https://images.gameinfo.io/pokemon/256/p275f350.png
276-taillow,https://images.gameinfo.io/pokemon/256/p276.png
277-swellow,https://images.gameinfo.io/pokemon/256/p277.png
278-wingull,https://images.gameinfo.io/pokemon/256/p278.png
279-pelipper,https://images.gameinfo.io/pokemon/256/p279.png
280-ralts,https://images.gameinfo.io/pokemon/256/p280f193.png
281-kirlia,https://images.gameinfo.io/pokemon/256/p281f196.png
282-gardevoir,https://images.gameinfo.io/pokemon/256/p282f199.png
475-gallade,https://images.gameinfo.io/pokemon/256/p475f202.png
283-surskit,https://images.gameinfo.io/pokemon/256/p283.png
284-masquerain,https://images.gameinfo.io/pokemon/256/p284.png
285-shroomish,https://images.gameinfo.io/pokemon/256/p285.png
286-breloom,https://images.gameinfo.io/pokemon/256/p286.png
287-slakoth,https://images.gameinfo.io/pokemon/256/p287.png
288-vigoroth,https://images.gameinfo.io/pokemon/256/p288.png
289-slaking,https://images.gameinfo.io/pokemon/256/p289.png
290-nincada,https://images.gameinfo.io/pokemon/256/p290.png
291-ninjask,https://images.gameinfo.io/pokemon/256/p291.png
292-shedinja,https://images.gameinfo.io/pokemon/256/p292.png
293-whismur,https://images.gameinfo.io/pokemon/256/p293f598.png
294-loudred,https://images.gameinfo.io/pokemon/256/p294f599.png
295-exploud,https://images.gameinfo.io/pokemon/256/p295f600.png
296-makuhita,https://images.gameinfo.io/pokemon/256/p296f516.png
297-hariyama,https://images.gameinfo.io/pokemon/256/p297f517.png
299-nosepass,https://images.gameinfo.io/pokemon/256/p299f489.png
476-probopass,https://images.gameinfo.io/pokemon/256/p476f501.png
300-skitty,https://images.gameinfo.io/pokemon/256/p300.png
301-delcatty,https://images.gameinfo.io/pokemon/256/p301.png
302-sableye,https://images.gameinfo.io/pokemon/256/p302f351.png
303-mawile,https://images.gameinfo.io/pokemon/256/p303f396.png
304-aron,https://images.gameinfo.io/pokemon/256/p304f490.png
305-lairon,https://images.gameinfo.io/pokemon/256/p305f491.png
306-aggron,https://images.gameinfo.io/pokemon/256/p306f492.png
307-meditite,https://images.gameinfo.io/pokemon/256/p307.png
308-medicham,https://images.gameinfo.io/pokemon/256/p308.png
309-electrike,https://images.gameinfo.io/pokemon/256/p309f518.png
310-manectric,https://images.gameinfo.io/pokemon/256/p310f519.png
311-plusle,https://images.gameinfo.io/pokemon/256/p311.png
312-minun,https://images.gameinfo.io/pokemon/256/p312.png
313-volbeat,https://images.gameinfo.io/pokemon/256/p313.png
314-illumise,https://images.gameinfo.io/pokemon/256/p314.png
406-budew,https://images.gameinfo.io/pokemon/256/p406.png
315-roselia,https://images.gameinfo.io/pokemon/256/p315.png
407-roserade,https://images.gameinfo.io/pokemon/256/p407.png
316-gulpin,https://images.gameinfo.io/pokemon/256/p316.png
317-swalot,https://images.gameinfo.io/pokemon/256/p317.png
318-carvanha,https://images.gameinfo.io/pokemon/256/p318f397.png
319-sharpedo,https://images.gameinfo.io/pokemon/256/p319f398.png
320-wailmer,https://images.gameinfo.io/pokemon/256/p320.png
321-wailord,https://images.gameinfo.io/pokemon/256/p321.png
322-numel,https://images.gameinfo.io/pokemon/256/p322.png
323-camerupt,https://images.gameinfo.io/pokemon/256/p323.png
324-torkoal,https://images.gameinfo.io/pokemon/256/p324.png
325-spoink,https://images.gameinfo.io/pokemon/256/p325.png
326-grumpig,https://images.gameinfo.io/pokemon/256/p326.png
327-spinda,https://images.gameinfo.io/pokemon/256/p327.png
328-trapinch,https://images.gameinfo.io/pokemon/256/p328f352.png
329-vibrava,https://images.gameinfo.io/pokemon/256/p329f353.png
330-flygon,https://images.gameinfo.io/pokemon/256/p330f354.png
331-cacnea,https://images.gameinfo.io/pokemon/256/p331f355.png
332-cacturne,https://images.gameinfo.io/pokemon/256/p332f356.png
333-swablu,https://images.gameinfo.io/pokemon/256/p333.png
334-altaria,https://images.gameinfo.io/pokemon/256/p334.png
335-zangoose,https://images.gameinfo.io/pokemon/256/p335.png
336-seviper,https://images.gameinfo.io/pokemon/256/p336.png
337-lunatone,https://images.gameinfo.io/pokemon/256/p337.png
338-solrock,https://images.gameinfo.io/pokemon/256/p338.png
339-barboach,https://images.gameinfo.io/pokemon/256/p339.png
340-whiscash,https://images.gameinfo.io/pokemon/256/p340.png
341-corphish,https://images.gameinfo.io/pokemon/256/p341.png
342-crawdaunt,https://images.gameinfo.io/pokemon/256/p342.png
343-baltoy,https://images.gameinfo.io/pokemon/256/p343.png
344-claydol,https://images.gameinfo.io/pokemon/256/p344.png
345-lileep,https://images.gameinfo.io/pokemon/256/p345f493.png
346-cradily,https://images.gameinfo.io/pokemon/256/p346f494.png
347-anorith,https://images.gameinfo.io/pokemon/256/p347f495.png
348-armaldo,https://images.gameinfo.io/pokemon/256/p348f496.png
349-feebas,https://images.gameinfo.io/pokemon/256/p349.png
350-milotic,https://images.gameinfo.io/pokemon/256/p350.png
351-castform,https://images.gameinfo.io/pokemon/256/p351f1.png
352-kecleon,https://images.gameinfo.io/pokemon/256/p352.png
353-shuppet,https://images.gameinfo.io/pokemon/256/p353f357.png
354-banette,https://images.gameinfo.io/pokemon/256/p354f358.png
355-duskull,https://images.gameinfo.io/pokemon/256/p355f359.png
356-dusclops,https://images.gameinfo.io/pokemon/256/p356f360.png
477-dusknoir,https://images.gameinfo.io/pokemon/256/p477f382.png
357-tropius,https://images.gameinfo.io/pokemon/256/p357.png
433-chingling,https://images.gameinfo.io/pokemon/256/p433.png
358-chimecho,https://images.gameinfo.io/pokemon/256/p358.png
359-absol,https://images.gameinfo.io/pokemon/256/p359f361.png
361-snorunt,https://images.gameinfo.io/pokemon/256/p361.png
362-glalie,https://images.gameinfo.io/pokemon/256/p362.png
478-froslass,https://images.gameinfo.io/pokemon/256/p478.png
363-spheal,https://images.gameinfo.io/pokemon/256/p363f497.png
364-sealeo,https://images.gameinfo.io/pokemon/256/p364f498.png
365-walrein,https://images.gameinfo.io/pokemon/256/p365f499.png
366-clamperl,https://images.gameinfo.io/pokemon/256/p366.png
367-huntail,https://images.gameinfo.io/pokemon/256/p367.png
368-gorebyss,https://images.gameinfo.io/pokemon/256/p368.png
369-relicanth,https://images.gameinfo.io/pokemon/256/p369.png
370-luvdisc,https://images.gameinfo.io/pokemon/256/p370.png
371-bagon,https://images.gameinfo.io/pokemon/256/p371f362.png
372-shelgon,https://images.gameinfo.io/pokemon/256/p372f363.png
373-salamence,https://images.gameinfo.io/pokemon/256/p373f364.png
374-beldum,https://images.gameinfo.io/pokemon/256/p374f399.png
375-metang,https://images.gameinfo.io/pokemon/256/p375f400.png
376-metagross,https://images.gameinfo.io/pokemon/256/p376f401.png
377-regirock,https://images.gameinfo.io/pokemon/256/p377.png
378-regice,https://images.gameinfo.io/pokemon/256/p378.png
379-registeel,https://images.gameinfo.io/pokemon/256/p379.png
380-latias,https://images.gameinfo.io/pokemon/256/p380f760.png
381-latios,https://images.gameinfo.io/pokemon/256/p381f762.png
382-kyogre,https://images.gameinfo.io/pokemon/256/p382f765.png
383-groudon,https://images.gameinfo.io/pokemon/256/p383f766.png
384-rayquaza,https://images.gameinfo.io/pokemon/256/p384.png
385-jirachi,https://images.gameinfo.io/pokemon/256/p385.png
386-deoxys,https://images.gameinfo.io/pokemon/256/p386f7.png
387-turtwig,https://images.gameinfo.io/pokemon/256/p387f262.png
388-grotle,https://images.gameinfo.io/pokemon/256/p388f265.png
389-torterra,https://images.gameinfo.io/pokemon/256/p389f268.png
390-chimchar,https://images.gameinfo.io/pokemon/256/p390f365.png
391-monferno,https://images.gameinfo.io/pokemon/256/p391f366.png
392-infernape,https://images.gameinfo.io/pokemon/256/p392f367.png
393-piplup,https://images.gameinfo.io/pokemon/256/p393.png
394-prinplup,https://images.gameinfo.io/pokemon/256/p394.png
395-empoleon,https://images.gameinfo.io/pokemon/256/p395.png
396-starly,https://images.gameinfo.io/pokemon/256/p396f520.png
397-staravia,https://images.gameinfo.io/pokemon/256/p397f521.png
398-staraptor,https://images.gameinfo.io/pokemon/256/p398f522.png
399-bidoof,https://images.gameinfo.io/pokemon/256/p399f523.png
400-bibarel,https://images.gameinfo.io/pokemon/256/p400f524.png
401-kricketot,https://images.gameinfo.io/pokemon/256/p401.png
402-kricketune,https://images.gameinfo.io/pokemon/256/p402.png
403-shinx,https://images.gameinfo.io/pokemon/256/p403.png
404-luxio,https://images.gameinfo.io/pokemon/256/p404.png
405-luxray,https://images.gameinfo.io/pokemon/256/p405.png
408-cranidos,https://images.gameinfo.io/pokemon/256/p408.png
409-rampardos,https://images.gameinfo.io/pokemon/256/p409.png
410-shieldon,https://images.gameinfo.io/pokemon/256/p410.png
411-bastiodon,https://images.gameinfo.io/pokemon/256/p411.png
412-burmy,https://images.gameinfo.io/pokemon/256/p412f82.png
413-wormadam,https://images.gameinfo.io/pokemon/256/p413f45.png
414-mothim,https://images.gameinfo.io/pokemon/256/p414.png
415-combee,https://images.gameinfo.io/pokemon/256/p415.png
416-vespiquen,https://images.gameinfo.io/pokemon/256/p416.png
417-pachirisu,https://images.gameinfo.io/pokemon/256/p417.png
418-buizel,https://images.gameinfo.io/pokemon/256/p418.png
419-floatzel,https://images.gameinfo.io/pokemon/256/p419.png
420-cherubi,https://images.gameinfo.io/pokemon/256/p420.png
421-cherrim,https://images.gameinfo.io/pokemon/256/p421f48.png
422-shellos,https://images.gameinfo.io/pokemon/256/p422f51.png
423-gastrodon,https://images.gameinfo.io/pokemon/256/p423f53.png
425-drifloon,https://images.gameinfo.io/pokemon/256/p425.png
426-drifblim,https://images.gameinfo.io/pokemon/256/p426.png
427-buneary,https://images.gameinfo.io/pokemon/256/p427.png
428-lopunny,https://images.gameinfo.io/pokemon/256/p428.png
431-glameow,https://images.gameinfo.io/pokemon/256/p431.png
432-purugly,https://images.gameinfo.io/pokemon/256/p432.png
434-stunky,https://images.gameinfo.io/pokemon/256/p434f433.png
435-skuntank,https://images.gameinfo.io/pokemon/256/p435f434.png
436-bronzor,https://images.gameinfo.io/pokemon/256/p436.png
437-bronzong,https://images.gameinfo.io/pokemon/256/p437.png
441-chatot,https://images.gameinfo.io/pokemon/256/p441.png
442-spiritomb,https://images.gameinfo.io/pokemon/256/p442.png
443-gible,https://images.gameinfo.io/pokemon/256/p443f369.png
444-gabite,https://images.gameinfo.io/pokemon/256/p444f370.png
445-garchomp,https://images.gameinfo.io/pokemon/256/p445f371.png
447-riolu,https://images.gameinfo.io/pokemon/256/p447.png
448-lucario,https://images.gameinfo.io/pokemon/256/p448.png
449-hippopotas,https://images.gameinfo.io/pokemon/256/p449f372.png
450-hippowdon,https://images.gameinfo.io/pokemon/256/p450f373.png
451-skorupi,https://images.gameinfo.io/pokemon/256/p451f525.png
452-drapion,https://images.gameinfo.io/pokemon/256/p452f526.png
453-croagunk,https://images.gameinfo.io/pokemon/256/p453.png
454-toxicroak,https://images.gameinfo.io/pokemon/256/p454.png
455-carnivine,https://images.gameinfo.io/pokemon/256/p455.png
456-finneon,https://images.gameinfo.io/pokemon/256/p456.png
457-lumineon,https://images.gameinfo.io/pokemon/256/p457.png
459-snover,https://images.gameinfo.io/pokemon/256/p459f374.png
460-abomasnow,https://images.gameinfo.io/pokemon/256/p460f375.png
479-rotom,https://images.gameinfo.io/pokemon/256/p479f58.png
480-uxie,https://images.gameinfo.io/pokemon/256/p480.png
481-mesprit,https://images.gameinfo.io/pokemon/256/p481.png
482-azelf,https://images.gameinfo.io/pokemon/256/p482.png
483-dialga,https://images.gameinfo.io/pokemon/256/p483.png
484-palkia,https://images.gameinfo.io/pokemon/256/p484.png
485-heatran,https://images.gameinfo.io/pokemon/256/p485.png
486-regigigas,https://images.gameinfo.io/pokemon/256/p486.png
487-giratina,https://images.gameinfo.io/pokemon/256/p487f60.png
488-cresselia,https://images.gameinfo.io/pokemon/256/p488.png
489-phione,https://images.gameinfo.io/pokemon/256/p489.png
490-manaphy,https://images.gameinfo.io/pokemon/256/p490.png
491-darkrai,https://images.gameinfo.io/pokemon/256/p491.png
492-shaymin,https://images.gameinfo.io/pokemon/256/p492f62.png
493-arceus,https://images.gameinfo.io/pokemon/256/p493f76.png
494-victini,https://images.gameinfo.io/pokemon/256/p494.png
495-snivy,https://images.gameinfo.io/pokemon/256/p495.png
496-servine,https://images.gameinfo.io/pokemon/256/p496.png
497-serperior,https://images.gameinfo.io/pokemon/256/p497.png
498-tepig,https://images.gameinfo.io/pokemon/256/p498.png
499-pignite,https://images.gameinfo.io/pokemon/256/p499.png
500-emboar,https://images.gameinfo.io/pokemon/256/p500.png
501-oshawott,https://images.gameinfo.io/pokemon/256/p501.png
502-dewott,https://images.gameinfo.io/pokemon/256/p502.png
503-samurott,https://images.gameinfo.io/pokemon/256/p503.png
504-patrat,https://images.gameinfo.io/pokemon/256/p504.png
505-watchog,https://images.gameinfo.io/pokemon/256/p505.png
506-lillipup,https://images.gameinfo.io/pokemon/256/p506.png
507-herdier,https://images.gameinfo.io/pokemon/256/p507.png
508-stoutland,https://images.gameinfo.io/pokemon/256/p508.png
509-purrloin,https://images.gameinfo.io/pokemon/256/p509.png
510-liepard,https://images.gameinfo.io/pokemon/256/p510.png
511-pansage,https://images.gameinfo.io/pokemon/256/p511.png
512-simisage,https://images.gameinfo.io/pokemon/256/p512.png
513-pansear,https://images.gameinfo.io/pokemon/256/p513.png
514-simisear,https://images.gameinfo.io/pokemon/256/p514.png
515-panpour,https://images.gameinfo.io/pokemon/256/p515.png
516-simipour,https://images.gameinfo.io/pokemon/256/p516.png
517-munna,https://images.gameinfo.io/pokemon/256/p517.png
518-musharna,https://images.gameinfo.io/pokemon/256/p518.png
519-pidove,https://images.gameinfo.io/pokemon/256/p519.png
520-tranquill,https://images.gameinfo.io/pokemon/256/p520.png
521-unfezant,https://images.gameinfo.io/pokemon/256/p521.png
522-blitzle,https://images.gameinfo.io/pokemon/256/p522.png
523-zebstrika,https://images.gameinfo.io/pokemon/256/p523.png
524-roggenrola,https://images.gameinfo.io/pokemon/256/p524.png
525-boldore,https://images.gameinfo.io/pokemon/256/p525.png
526-gigalith,https://images.gameinfo.io/pokemon/256/p526.png
527-woobat,https://images.gameinfo.io/pokemon/256/p527.png
528-swoobat,https://images.gameinfo.io/pokemon/256/p528.png
529-drilbur,https://images.gameinfo.io/pokemon/256/p529.png
530-excadrill,https://images.gameinfo.io/pokemon/256/p530.png
531-audino,https://images.gameinfo.io/pokemon/256/p531.png
532-timburr,https://images.gameinfo.io/pokemon/256/p532.png
533-gurdurr,https://images.gameinfo.io/pokemon/256/p533.png
534-conkeldurr,https://images.gameinfo.io/pokemon/256/p534.png
535-tympole,https://images.gameinfo.io/pokemon/256/p535.png
536-palpitoad,https://images.gameinfo.io/pokemon/256/p536.png
537-seismitoad,https://images.gameinfo.io/pokemon/256/p537.png
538-throh,https://images.gameinfo.io/pokemon/256/p538.png
539-sawk,https://images.gameinfo.io/pokemon/256/p539.png
540-sewaddle,https://images.gameinfo.io/pokemon/256/p540.png
541-swadloon,https://images.gameinfo.io/pokemon/256/p541.png
542-leavanny,https://images.gameinfo.io/pokemon/256/p542.png
543-venipede,https://images.gameinfo.io/pokemon/256/p543.png
544-whirlipede,https://images.gameinfo.io/pokemon/256/p544.png
545-scolipede,https://images.gameinfo.io/pokemon/256/p545.png
546-cottonee,https://images.gameinfo.io/pokemon/256/p546.png
547-whimsicott,https://images.gameinfo.io/pokemon/256/p547.png
548-petilil,https://images.gameinfo.io/pokemon/256/p548.png
549-lilligant,https://images.gameinfo.io/pokemon/256/p549.png
550-basculin,https://images.gameinfo.io/pokemon/256/p550f272.png
551-sandile,https://images.gameinfo.io/pokemon/256/p551.png
552-krokorok,https://images.gameinfo.io/pokemon/256/p552.png
553-krookodile,https://images.gameinfo.io/pokemon/256/p553.png
554-darumaka,https://images.gameinfo.io/pokemon/256/p554f411.png
555-darmanitan,https://images.gameinfo.io/pokemon/256/p555f273.png
556-maractus,https://images.gameinfo.io/pokemon/256/p556.png
557-dwebble,https://images.gameinfo.io/pokemon/256/p557.png
558-crustle,https://images.gameinfo.io/pokemon/256/p558.png
559-scraggy,https://images.gameinfo.io/pokemon/256/p559.png
560-scrafty,https://images.gameinfo.io/pokemon/256/p560.png
561-sigilyph,https://images.gameinfo.io/pokemon/256/p561.png
562-yamask,https://images.gameinfo.io/pokemon/256/p562f462.png
563-cofagrigus,https://images.gameinfo.io/pokemon/256/p563f468.png
564-tirtouga,https://images.gameinfo.io/pokemon/256/p564.png
565-carracosta,https://images.gameinfo.io/pokemon/256/p565.png
566-archen,https://images.gameinfo.io/pokemon/256/p566.png
567-archeops,https://images.gameinfo.io/pokemon/256/p567.png
568-trubbish,https://images.gameinfo.io/pokemon/256/p568.png
569-garbodor,https://images.gameinfo.io/pokemon/256/p569.png
570-zorua,https://images.gameinfo.io/pokemon/256/p570.png
571-zoroark,https://images.gameinfo.io/pokemon/256/p571.png
572-minccino,https://images.gameinfo.io/pokemon/256/p572.png
573-cinccino,https://images.gameinfo.io/pokemon/256/p573.png
574-gothita,https://images.gameinfo.io/pokemon/256/p574.png
575-gothorita,https://images.gameinfo.io/pokemon/256/p575.png
576-gothitelle,https://images.gameinfo.io/pokemon/256/p576.png
577-solosis,https://images.gameinfo.io/pokemon/256/p577.png
578-duosion,https://images.gameinfo.io/pokemon/256/p578.png
579-reuniclus,https://images.gameinfo.io/pokemon/256/p579.png
580-ducklett,https://images.gameinfo.io/pokemon/256/p580.png
581-swanna,https://images.gameinfo.io/pokemon/256/p581.png
582-vanillite,https://images.gameinfo.io/pokemon/256/p582.png
583-vanillish,https://images.gameinfo.io/pokemon/256/p583.png
584-vanilluxe,https://images.gameinfo.io/pokemon/256/p584.png
585-deerling,https://images.gameinfo.io/pokemon/256/p585f276.png
586-sawsbuck,https://images.gameinfo.io/pokemon/256/p586f280.png
587-emolga,https://images.gameinfo.io/pokemon/256/p587.png
588-karrablast,https://images.gameinfo.io/pokemon/256/p588.png
589-escavalier,https://images.gameinfo.io/pokemon/256/p589.png
590-foongus,https://images.gameinfo.io/pokemon/256/p590.png
591-amoonguss,https://images.gameinfo.io/pokemon/256/p591.png
592-frillish,https://images.gameinfo.io/pokemon/256/p592f404.png
593-jellicent,https://images.gameinfo.io/pokemon/256/p593f406.png
594-alomomola,https://images.gameinfo.io/pokemon/256/p594.png
595-joltik,https://images.gameinfo.io/pokemon/256/p595.png
596-galvantula,https://images.gameinfo.io/pokemon/256/p596.png
597-ferroseed,https://images.gameinfo.io/pokemon/256/p597.png
598-ferrothorn,https://images.gameinfo.io/pokemon/256/p598.png
599-klink,https://images.gameinfo.io/pokemon/256/p599.png
600-klang,https://images.gameinfo.io/pokemon/256/p600.png
601-klinklang,https://images.gameinfo.io/pokemon/256/p601.png
602-tynamo,https://images.gameinfo.io/pokemon/256/p602.png
603-eelektrik,https://images.gameinfo.io/pokemon/256/p603.png
604-eelektross,https://images.gameinfo.io/pokemon/256/p604.png
605-elgyem,https://images.gameinfo.io/pokemon/256/p605.png
606-beheeyem,https://images.gameinfo.io/pokemon/256/p606.png
607-litwick,https://images.gameinfo.io/pokemon/256/p607.png
608-lampent,https://images.gameinfo.io/pokemon/256/p608.png
609-chandelure,https://images.gameinfo.io/pokemon/256/p609.png
610-axew,https://images.gameinfo.io/pokemon/256/p610.png
611-fraxure,https://images.gameinfo.io/pokemon/256/p611.png
612-haxorus,https://images.gameinfo.io/pokemon/256/p612.png
613-cubchoo,https://images.gameinfo.io/pokemon/256/p613f482.png
614-beartic,https://images.gameinfo.io/pokemon/256/p614f695.png
615-cryogonal,https://images.gameinfo.io/pokemon/256/p615.png
616-shelmet,https://images.gameinfo.io/pokemon/256/p616.png
617-accelgor,https://images.gameinfo.io/pokemon/256/p617.png
618-stunfisk,https://images.gameinfo.io/pokemon/256/p618f415.png
619-mienfoo,https://images.gameinfo.io/pokemon/256/p619.png
620-mienshao,https://images.gameinfo.io/pokemon/256/p620.png
621-druddigon,https://images.gameinfo.io/pokemon/256/p621.png
622-golett,https://images.gameinfo.io/pokemon/256/p622.png
623-golurk,https://images.gameinfo.io/pokemon/256/p623.png
624-pawniard,https://images.gameinfo.io/pokemon/256/p624.png
625-bisharp,https://images.gameinfo.io/pokemon/256/p625.png
626-bouffalant,https://images.gameinfo.io/pokemon/256/p626.png
627-rufflet,https://images.gameinfo.io/pokemon/256/p627.png
628-braviary,https://images.gameinfo.io/pokemon/256/p628f682.png
629-vullaby,https://images.gameinfo.io/pokemon/256/p629.png
630-mandibuzz,https://images.gameinfo.io/pokemon/256/p630.png
631-heatmor,https://images.gameinfo.io/pokemon/256/p631.png
632-durant,https://images.gameinfo.io/pokemon/256/p632.png
633-deino,https://images.gameinfo.io/pokemon/256/p633.png
634-zweilous,https://images.gameinfo.io/pokemon/256/p634.png
635-hydreigon,https://images.gameinfo.io/pokemon/256/p635.png
636-larvesta,https://images.gameinfo.io/pokemon/256/p636.png
637-volcarona,https://images.gameinfo.io/pokemon/256/p637.png
638-cobalion,https://images.gameinfo.io/pokemon/256/p638.png
639-terrakion,https://images.gameinfo.io/pokemon/256/p639.png
640-virizion,https://images.gameinfo.io/pokemon/256/p640.png
641-tornadus,https://images.gameinfo.io/pokemon/256/p641f283.png
642-thundurus,https://images.gameinfo.io/pokemon/256/p642f285.png
643-reshiram,https://images.gameinfo.io/pokemon/256/p643.png
644-zekrom,https://images.gameinfo.io/pokemon/256/p644.png
645-landorus,https://images.gameinfo.io/pokemon/256/p645f287.png
646-kyurem,https://images.gameinfo.io/pokemon/256/p646f290.png
647-keldeo,https://images.gameinfo.io/pokemon/256/p647f292.png
648-meloetta,https://images.gameinfo.io/pokemon/256/p648f294.png
649-genesect,https://images.gameinfo.io/pokemon/256/p649f299.png
650-chespin,https://images.gameinfo.io/pokemon/256/p650.png
651-quilladin,https://images.gameinfo.io/pokemon/256/p651.png
652-chesnaught,https://images.gameinfo.io/pokemon/256/p652.png
653-fennekin,https://images.gameinfo.io/pokemon/256/p653.png
654-braixen,https://images.gameinfo.io/pokemon/256/p654.png
655-delphox,https://images.gameinfo.io/pokemon/256/p655.png
656-froakie,https://images.gameinfo.io/pokemon/256/p656.png
657-frogadier,https://images.gameinfo.io/pokemon/256/p657.png
658-greninja,https://images.gameinfo.io/pokemon/256/p658.png
659-bunnelby,https://images.gameinfo.io/pokemon/256/p659.png
660-diggersby,https://images.gameinfo.io/pokemon/256/p660.png
661-fletchling,https://images.gameinfo.io/pokemon/256/p661.png
662-fletchinder,https://images.gameinfo.io/pokemon/256/p662.png
663-talonflame,https://images.gameinfo.io/pokemon/256/p663.png
664-scatterbug,https://images.gameinfo.io/pokemon/256/p664f707.png
665-spewpa,https://images.gameinfo.io/pokemon/256/p665f727.png
666-vivillon,https://images.gameinfo.io/pokemon/256/p666f747.png
667-litleo,https://images.gameinfo.io/pokemon/256/p667.png
668-pyroar,https://images.gameinfo.io/pokemon/256/p668f470.png
669-flabebe,https://images.gameinfo.io/pokemon/256/p669f602.png
670-floette,https://images.gameinfo.io/pokemon/256/p670f607.png
671-florges,https://images.gameinfo.io/pokemon/256/p671f612.png
672-skiddo,https://images.gameinfo.io/pokemon/256/p672.png
673-gogoat,https://images.gameinfo.io/pokemon/256/p673.png
674-pancham,https://images.gameinfo.io/pokemon/256/p674.png
675-pangoro,https://images.gameinfo.io/pokemon/256/p675.png
676-furfrou,https://images.gameinfo.io/pokemon/256/p676f535.png
677-espurr,https://images.gameinfo.io/pokemon/256/p677.png
678-meowstic,https://images.gameinfo.io/pokemon/256/p678f472.png
679-honedge,https://images.gameinfo.io/pokemon/256/p679.png
680-doublade,https://images.gameinfo.io/pokemon/256/p680.png
681-aegislash,https://images.gameinfo.io/pokemon/256/p681.png
682-spritzee,https://images.gameinfo.io/pokemon/256/p682.png
683-aromatisse,https://images.gameinfo.io/pokemon/256/p683.png
684-swirlix,https://images.gameinfo.io/pokemon/256/p684.png
685-slurpuff,https://images.gameinfo.io/pokemon/256/p685.png
686-inkay,https://images.gameinfo.io/pokemon/256/p686.png
687-malamar,https://images.gameinfo.io/pokemon/256/p687.png
688-binacle,https://images.gameinfo.io/pokemon/256/p688.png
689-barbaracle,https://images.gameinfo.io/pokemon/256/p689.png
690-skrelp,https://images.gameinfo.io/pokemon/256/p690.png
691-dragalge,https://images.gameinfo.io/pokemon/256/p691.png
692-clauncher,https://images.gameinfo.io/pokemon/256/p692.png
693-clawitzer,https://images.gameinfo.io/pokemon/256/p693.png
694-helioptile,https://images.gameinfo.io/pokemon/256/p694.png
695-heliolisk,https://images.gameinfo.io/pokemon/256/p695.png
696-tyrunt,https://images.gameinfo.io/pokemon/256/p696.png
697-tyrantrum,https://images.gameinfo.io/pokemon/256/p697.png
698-amaura,https://images.gameinfo.io/pokemon/256/p698.png
699-aurorus,https://images.gameinfo.io/pokemon/256/p699.png
701-hawlucha,https://images.gameinfo.io/pokemon/256/p701.png
702-dedenne,https://images.gameinfo.io/pokemon/256/p702.png
703-carbink,https://images.gameinfo.io/pokemon/256/p703.png
704-goomy,https://images.gameinfo.io/pokemon/256/p704.png
705-sliggoo,https://images.gameinfo.io/pokemon/256/p705.png
706-goodra,https://images.gameinfo.io/pokemon/256/p706.png
707-klefki,https://images.gameinfo.io/pokemon/256/p707.png
708-phantump,https://images.gameinfo.io/pokemon/256/p708.png
709-trevenant,https://images.gameinfo.io/pokemon/256/p709.png
710-pumpkaboo,https://images.gameinfo.io/pokemon/256/p710f576.png
711-gourgeist,https://images.gameinfo.io/pokemon/256/p711f580.png
712-bergmite,https://images.gameinfo.io/pokemon/256/p712.png
713-avalugg,https://images.gameinfo.io/pokemon/256/p713f758.png
714-noibat,https://images.gameinfo.io/pokemon/256/p714.png
715-noivern,https://images.gameinfo.io/pokemon/256/p715.png
716-xerneas,https://images.gameinfo.io/pokemon/256/p716.png
717-yveltal,https://images.gameinfo.io/pokemon/256/p717.png
718-zygarde,https://images.gameinfo.io/pokemon/256/p718.png
719-diancie,https://images.gameinfo.io/pokemon/256/p719.png
720-hoopa,https://images.gameinfo.io/pokemon/256/p720f547.png
721-volcanion,https://images.gameinfo.io/pokemon/256/p721.png
722-rowlet,https://images.gameinfo.io/pokemon/256/p722.png
723-dartrix,https://images.gameinfo.io/pokemon/256/p723.png
724-decidueye,https://images.gameinfo.io/pokemon/256/p724.png
725-litten,https://images.gameinfo.io/pokemon/256/p725.png
726-torracat,https://images.gameinfo.io/pokemon/256/p726.png
727-incineroar,https://images.gameinfo.io/pokemon/256/p727.png
728-popplio,https://images.gameinfo.io/pokemon/256/p728.png
729-brionne,https://images.gameinfo.io/pokemon/256/p729.png
730-primarina,https://images.gameinfo.io/pokemon/256/p730.png
731-pikipek,https://images.gameinfo.io/pokemon/256/p731.png
732-trumbeak,https://images.gameinfo.io/pokemon/256/p732.png
733-toucannon,https://images.gameinfo.io/pokemon/256/p733.png
734-yungoos,https://images.gameinfo.io/pokemon/256/p734.png
735-gumshoos,https://images.gameinfo.io/pokemon/256/p735.png
736-grubbin,https://images.gameinfo.io/pokemon/256/p736.png
737-charjabug,https://images.gameinfo.io/pokemon/256/p737.png
738-vikavolt,https://images.gameinfo.io/pokemon/256/p738.png
739-crabrawler,https://images.gameinfo.io/pokemon/256/p739.png
740-crabominable,https://images.gameinfo.io/pokemon/256/p740.png
741-oricorio,https://images.gameinfo.io/pokemon/256/p741f662.png
742-cutiefly,https://images.gameinfo.io/pokemon/256/p742.png
743-ribombee,https://images.gameinfo.io/pokemon/256/p743.png
744-rockruff,https://images.gameinfo.io/pokemon/256/p744.png
745-lycanroc,https://images.gameinfo.io/pokemon/256/p745f623.png
746-wishiwashi,https://images.gameinfo.io/pokemon/256/p746f626.png
747-mareanie,https://images.gameinfo.io/pokemon/256/p747.png
748-toxapex,https://images.gameinfo.io/pokemon/256/p748.png
749-mudbray,https://images.gameinfo.io/pokemon/256/p749.png
750-mudsdale,https://images.gameinfo.io/pokemon/256/p750.png
751-dewpider,https://images.gameinfo.io/pokemon/256/p751.png
752-araquanid,https://images.gameinfo.io/pokemon/256/p752.png
753-fomantis,https://images.gameinfo.io/pokemon/256/p753.png
754-lurantis,https://images.gameinfo.io/pokemon/256/p754.png
755-morelull,https://images.gameinfo.io/pokemon/256/p755.png
756-shiinotic,https://images.gameinfo.io/pokemon/256/p756.png
757-salandit,https://images.gameinfo.io/pokemon/256/p757.png
758-salazzle,https://images.gameinfo.io/pokemon/256/p758.png
759-stufful,https://images.gameinfo.io/pokemon/256/p759.png
760-bewear,https://images.gameinfo.io/pokemon/256/p760.png
761-bounsweet,https://images.gameinfo.io/pokemon/256/p761.png
762-steenee,https://images.gameinfo.io/pokemon/256/p762.png
763-tsareena,https://images.gameinfo.io/pokemon/256/p763.png
764-comfey,https://images.gameinfo.io/pokemon/256/p764.png
765-oranguru,https://images.gameinfo.io/pokemon/256/p765.png
766-passimian,https://images.gameinfo.io/pokemon/256/p766.png
767-wimpod,https://images.gameinfo.io/pokemon/256/p767.png
768-golisopod,https://images.gameinfo.io/pokemon/256/p768.png
769-sandygast,https://images.gameinfo.io/pokemon/256/p769.png
770-palossand,https://images.gameinfo.io/pokemon/256/p770.png
771-pyukumuku,https://images.gameinfo.io/pokemon/256/p771.png
772-type-null,https://images.gameinfo.io/pokemon/256/p772.png
773-silvally,https://images.gameinfo.io/pokemon/256/p773f640.png
774-minior,https://images.gameinfo.io/pokemon/256/p774f646.png
775-komala,https://images.gameinfo.io/pokemon/256/p775.png
776-turtonator,https://images.gameinfo.io/pokemon/256/p776.png
777-togedemaru,https://images.gameinfo.io/pokemon/256/p777.png
778-mimikyu,https://images.gameinfo.io/pokemon/256/p778f654.png
779-bruxish,https://images.gameinfo.io/pokemon/256/p779.png
780-drampa,https://images.gameinfo.io/pokemon/256/p780.png
781-dhelmise,https://images.gameinfo.io/pokemon/256/p781.png
782-jangmo-o,https://images.gameinfo.io/pokemon/256/p782.png
783-hakamo-o,https://images.gameinfo.io/pokemon/256/p783.png
784-kommo-o,https://images.gameinfo.io/pokemon/256/p784.png
785-tapu-koko,https://images.gameinfo.io/pokemon/256/p785.png
786-tapu-lele,https://images.gameinfo.io/pokemon/256/p786.png
787-tapu-bulu,https://images.gameinfo.io/pokemon/256/p787.png
788-tapu-fini,https://images.gameinfo.io/pokemon/256/p788.png
789-cosmog,https://images.gameinfo.io/pokemon/256/p789.png
790-cosmoem,https://images.gameinfo.io/pokemon/256/p790.png
791-solgaleo,https://images.gameinfo.io/pokemon/256/p791.png
792-lunala,https://images.gameinfo.io/pokemon/256/p792.png
793-nihilego,https://images.gameinfo.io/pokemon/256/p793.png
794-buzzwole,https://images.gameinfo.io/pokemon/256/p794.png
795-pheromosa,https://images.gameinfo.io/pokemon/256/p795.png
796-xurkitree,https://images.gameinfo.io/pokemon/256/p796.png
797-celesteela,https://images.gameinfo.io/pokemon/256/p797.png
798-kartana,https://images.gameinfo.io/pokemon/256/p798.png
799-guzzlord,https://images.gameinfo.io/pokemon/256/p799.png
800-necrozma,https://images.gameinfo.io/pokemon/256/p800f658.png
801-magearna,https://images.gameinfo.io/pokemon/256/p801f660.png
802-marshadow,https://images.gameinfo.io/pokemon/256/p802.png
803-poipole,https://images.gameinfo.io/pokemon/256/p803.png
804-naganadel,https://images.gameinfo.io/pokemon/256/p804.png
805-stakataka,https://images.gameinfo.io/pokemon/256/p805.png
806-blacephalon,https://images.gameinfo.io/pokemon/256/p806.png
807-zeraora,https://images.gameinfo.io/pokemon/256/p807.png
808-meltan,https://images.gameinfo.io/pokemon/256/p808.png
809-melmetal,https://images.gameinfo.io/pokemon/256/p809.png
810-grookey,https://images.gameinfo.io/pokemon/256/p810.png
811-thwackey,https://images.gameinfo.io/pokemon/256/p811.png
812-rillaboom,https://images.gameinfo.io/pokemon/256/p812.png
813-scorbunny,https://images.gameinfo.io/pokemon/256/p813.png
814-raboot,https://images.gameinfo.io/pokemon/256/p814.png
815-cinderace,https://images.gameinfo.io/pokemon/256/p815.png
816-sobble,https://images.gameinfo.io/pokemon/256/p816.png
817-drizzile,https://images.gameinfo.io/pokemon/256/p817.png
818-inteleon,https://images.gameinfo.io/pokemon/256/p818.png
819-skwovet,https://images.gameinfo.io/pokemon/256/p819.png
820-greedent,https://images.gameinfo.io/pokemon/256/p820.png
821-rookidee,https://images.gameinfo.io/pokemon/256/p821.png
822-corvisquire,https://images.gameinfo.io/pokemon/256/p822.png
823-corviknight,https://images.gameinfo.io/pokemon/256/p823.png
824-blipbug,https://images.gameinfo.io/pokemon/256/p824.png
825-dottler,https://images.gameinfo.io/pokemon/256/p825.png
826-orbeetle,https://images.gameinfo.io/pokemon/256/p826.png
827-nickit,https://images.gameinfo.io/pokemon/256/p827.png
828-thievul,https://images.gameinfo.io/pokemon/256/p828.png
829-gossifleur,https://images.gameinfo.io/pokemon/256/p829.png
830-eldegoss,https://images.gameinfo.io/pokemon/256/p830.png
831-wooloo,https://images.gameinfo.io/pokemon/256/p831.png
832-dubwool,https://images.gameinfo.io/pokemon/256/p832.png
833-chewtle,https://images.gameinfo.io/pokemon/256/p833.png
834-drednaw,https://images.gameinfo.io/pokemon/256/p834.png
835-yamper,https://images.gameinfo.io/pokemon/256/p835.png
836-boltund,https://images.gameinfo.io/pokemon/256/p836.png
837-rolycoly,https://images.gameinfo.io/pokemon/256/p837.png
838-carkol,https://images.gameinfo.io/pokemon/256/p838.png
839-coalossal,https://images.gameinfo.io/pokemon/256/p839.png
840-applin,https://images.gameinfo.io/pokemon/256/p840.png
841-flapple,https://images.gameinfo.io/pokemon/256/p841.png
842-appletun,https://images.gameinfo.io/pokemon/256/p842.png
843-silicobra,https://images.gameinfo.io/pokemon/256/p843.png
844-sandaconda,https://images.gameinfo.io/pokemon/256/p844.png
845-cramorant,https://images.gameinfo.io/pokemon/256/p845.png
846-arrokuda,https://images.gameinfo.io/pokemon/256/p846.png
847-barraskewda,https://images.gameinfo.io/pokemon/256/p847.png
848-toxel,https://images.gameinfo.io/pokemon/256/p848.png
849-toxtricity,https://images.gameinfo.io/pokemon/256/p849f549.png
850-sizzlipede,https://images.gameinfo.io/pokemon/256/p850.png
851-centiskorch,https://images.gameinfo.io/pokemon/256/p851.png
852-clobbopus,https://images.gameinfo.io/pokemon/256/p852.png
853-grapploct,https://images.gameinfo.io/pokemon/256/p853.png
854-sinistea,https://images.gameinfo.io/pokemon/256/p854f551.png
855-polteageist,https://images.gameinfo.io/pokemon/256/p855f553.png
856-hatenna,https://images.gameinfo.io/pokemon/256/p856.png
857-hattrem,https://images.gameinfo.io/pokemon/256/p857.png
858-hatterene,https://images.gameinfo.io/pokemon/256/p858.png
859-impidimp,https://images.gameinfo.io/pokemon/256/p859.png
860-morgrem,https://images.gameinfo.io/pokemon/256/p860.png
861-grimmsnarl,https://images.gameinfo.io/pokemon/256/p861.png
862-obstagoon,https://images.gameinfo.io/pokemon/256/p862f416.png
863-perrserker,https://images.gameinfo.io/pokemon/256/p863f417.png
864-cursola,https://images.gameinfo.io/pokemon/256/p864f555.png
865-sirfetchd,https://images.gameinfo.io/pokemon/256/p865f418.png
866-mr-rime,https://images.gameinfo.io/pokemon/256/p866f484.png
867-runerigus,https://images.gameinfo.io/pokemon/256/p867f463.png
868-milcery,https://images.gameinfo.io/pokemon/256/p868.png
869-alcremie,https://images.gameinfo.io/pokemon/256/p869.png
870-falinks,https://images.gameinfo.io/pokemon/256/p870.png
871-pincurchin,https://images.gameinfo.io/pokemon/256/p871.png
872-snom,https://images.gameinfo.io/pokemon/256/p872.png
873-frosmoth,https://images.gameinfo.io/pokemon/256/p873.png
874-stonjourner,https://images.gameinfo.io/pokemon/256/p874.png
875-eiscue,https://images.gameinfo.io/pokemon/256/p875f556.png
876-indeedee,https://images.gameinfo.io/pokemon/256/p876f558.png
877-morpeko,https://images.gameinfo.io/pokemon/256/p877f560.png
878-cufant,https://images.gameinfo.io/pokemon/256/p878.png
879-copperajah,https://images.gameinfo.io/pokemon/256/p879.png
880-dracozolt,https://images.gameinfo.io/pokemon/256/p880.png
881-arctozolt,https://images.gameinfo.io/pokemon/256/p881.png
882-dracovish,https://images.gameinfo.io/pokemon/256/p882.png
883-arctovish,https://images.gameinfo.io/pokemon/256/p883.png
884-duraludon,https://images.gameinfo.io/pokemon/256/p884.png
885-dreepy,https://images.gameinfo.io/pokemon/256/p885.png
886-drakloak,https://images.gameinfo.io/pokemon/256/p886.png
887-dragapult,https://images.gameinfo.io/pokemon/256/p887.png
888-zacian,https://images.gameinfo.io/pokemon/256/p888f562.png
889-zamazenta,https://images.gameinfo.io/pokemon/256/p889f564.png
890-eternatus,https://images.gameinfo.io/pokemon/256/p890f567.png
891-kubfu,https://images.gameinfo.io/pokemon/256/p891.png
892-urshifu,https://images.gameinfo.io/pokemon/256/p892f568.png
893-zarude,https://images.gameinfo.io/pokemon/256/p893.png
894-regieleki,https://images.gameinfo.io/pokemon/256/p894.png
895-regidrago,https://images.gameinfo.io/pokemon/256/p895.png
896-glastrier,https://images.gameinfo.io/pokemon/256/p896.png
897-spectrier,https://images.gameinfo.io/pokemon/256/p897.png
898-calyrex,https://images.gameinfo.io/pokemon/256/p898f571.png
900-kleavor,https://images.gameinfo.io/pokemon/256/p900.png
215-sneasel,https://images.gameinfo.io/pokemon/256/p215f340.png
903-sneasler,https://images.gameinfo.io/pokemon/256/p903.png
211-qwilfish,https://images.gameinfo.io/pokemon/256/p211f671.png
904-overqwil,https://images.gameinfo.io/pokemon/256/p904.png
999-gimmighoul,https://images.gameinfo.io/pokemon/256/p999.png
1000-gholdengo,https://images.gameinfo.io/pokemon/256/p1000.png
